index	0	1	2
CHOP_01	1.2721745899602877e-06	0.014010458759232649	(17776, 20, 177, 5, 'MEF2C;MAP4;PCDH17;PTCH1;ATXN7L2')
