index	0	1	2
JOHNSTONE_PARVB_TARGETS_3_DN	4.5747347916618167e-07	0.005038155426057159	(17776, 22, 624, 8, 'ALG10B;PER3;RABGAP1L;KLHL20;CBX1;ALG10;CPNE8;PER2')
chr12p11	2.157962260296556e-06	0.007921879457548657	(17776, 22, 21, 3, 'ALG10;KIF21A;SYT10')
TGCCAAR_NF1_Q6	1.9774306570926193e-06	0.007921879457548657	(17776, 22, 517, 7, 'CAMKMT;INHBC;PREPL;PER3;KIF21A;SKAP1;PER2')
chr12q12	5.89079646136099e-06	0.01593581038899742	(17776, 22, 29, 3, 'KIF21A;CPNE8;ALG10B')
chr1q24	7.234999722599392e-06	0.01593581038899742	(17776, 22, 31, 3, 'RABGAP1L;GPR52;CACYBP;ZBTB37')
chr1q25	1.2446291328604286e-05	0.022845167733653166	(17776, 22, 37, 3, 'DARS2;LOC284648;KLHL20;RC3H1;RGS16;RNASEL;ANKRD45')
GSE25087_FETAL_VS_ADULT_TCONV_DN	1.4983110180417812e-05	0.023572713202420194	(17776, 22, 124, 4, 'KIF21A;RNASEL;ZBTB37;AK5')
GSE28408_LY6G_POS_VS_NEG_DC_UP	2.3495962271277225e-05	0.03234512906169701	(17776, 22, 139, 4, 'PER3;RGS16;KLHL20;RNASEL')
CTTGTAT_MIR381	4.078552072993973e-05	0.04990788219986958	(17776, 22, 160, 4, 'NRXN1;EIF4G3;R3HDM2;RC3H1')
