index	0	1	2
AP4_Q6	8.604062111225811e-06	0.04088675340196215	(17776, 15, 163, 4, 'ZNF668;ORAI3;BCL11B;EYA1;ZNF646')
CART1_01	1.1137769926985059e-05	0.04088675340196215	(17776, 15, 174, 4, 'EYA1;MSRB3;HSD3B7;WNT3')
GSE45365_CD8A_DC_VS_CD11B_DC_DN	4.318850222627749e-06	0.04088675340196215	(17776, 15, 137, 4, 'LACTB2;ROBO2;STX4;FTO')
CEBP_01	1.9278464513658726e-05	0.04638024098967748	(17776, 15, 200, 4, 'EYA1;ORAI3;BCL11B;SKAP1')
TGCTGCT_MIR15A_MIR16_MIR15B_MIR195_MIR424_MIR497	2.1057042127339274e-05	0.04638024098967748	(17776, 15, 435, 5, 'STK33;TRAM1;DLEU7;EYA1;SETD3')
