index	0	1	2
chr17q21	1.1365434361960676e-07	0.0012516752862827293	(17776, 13, 65, 4, 'WNT3;LOC644172;MAPT;STH;MGC57346;PLEKHM1')
TCF4_Q5	6.775872799305029e-06	0.03731134356937314	(17776, 13, 180, 4, 'AGAP1;EIF2B4;SRRM4;WNT3')
