index	0	1	2
ACCGAGC_MIR423	9.4924828836958e-07	0.010454071399814186	(17776, 6, 5, 2, 'CDK10;FGFR2')
GSE1740_MCSF_VS_MCSF_AND_IFNG_DAY2_DERIVED_MACROPHAGE_UP	6.2171195104069485e-06	0.03423456858405586	(17776, 6, 122, 3, 'FGFR2;TOX3;ZNF276')
