index	0	1	2
AGUIRRE_PANCREATIC_CANCER_COPY_NUMBER_UP	6.104848237842985e-07	0.00672326936433648	(17776, 9, 151, 4, 'MAD1L1;ZNF652;SLC25A13;SLMO2;ATP5E')
