index	0	1	2
OCT1_01	2.8030291895048155e-06	0.006173952092803307	(17776, 10, 195, 4, 'FOXP1;CADM2;EGR2;CXXC4')
OCT1_Q6	2.6353429542371287e-06	0.006173952092803307	(17776, 10, 192, 4, 'CADM2;ADH1B;CXXC4;EGR2')
OCT1_B	2.4235039971402654e-06	0.006173952092803307	(17776, 10, 188, 4, 'FOXP1;CADM2;EGR2;CXXC4')
OCT_Q6	1.9933400648588644e-06	0.006173952092803307	(17776, 10, 179, 4, 'FOXP1;CADM2;EGR2;CXXC4')
OCT1_Q5_01	1.9060390530475666e-06	0.006173952092803307	(17776, 10, 177, 4, 'FOXP1;CADM2;EGR2;CXXC4')
MIKKELSEN_DEDIFFERENTIATED_STATE_DN	5.973985031054015e-06	0.010965249524499643	(17776, 10, 7, 2, 'FOXP1;EGR2')
