index	0	1	2
chr8p23	3.6249453073085333e-13	3.992152266938888e-09	(17776, 11, 19, 5, 'PPP1R3B;BLK;MSRA;XKR6;CLDN23;SGK223;LOC157273')
