index	0	1	2
GRYDER_PAX3FOXO1_ENHANCERS_IN_TADS	8.473292121874623e-07	0.009331636613820521	(17776, 98, 763, 17, 'CELF2;ETAA1;FTO;PTPRD;GRB10;SATB2;CEP128;CSE1L;ARHGAP15;COBL;WDR43;TBL1XR1;NRN1;TLE3;RGS17;GADD45A;WBSCR17')
chr8p23	3.162085306112347e-06	0.011648709476103386	(17776, 98, 19, 4, 'XKR6;CLDN23;MFHAS1;FBXO25')
RTAAACA_FREAC2_01	3.1731706554354087e-06	0.011648709476103386	(17776, 98, 660, 15, 'ISG20;NDST4;GRIK2;MAB21L3;CSMD3;PCDH18;SATB2;ABCA1;ERBB4;TLE3;DUSP10;PPARGC1A;GADD45A;FBXW7;TRPS1')
DAVICIONI_MOLECULAR_ARMS_VS_ERMS_UP	1.3151014694578741e-05	0.03620803120784892	(17776, 98, 259, 9, 'FTO;PTPRD;COBL;NRN1;GYPC;SATB2;RGS17;GADD45A;SLC27A6')
