index	0	1	2
chr8p23	2.942377477791987e-07	0.003240440316292315	(17776, 13, 19, 3, 'FAM167A;PINX1;MFHAS1;MSRA;XKR6;CLDN23;SGK223;PRSS55;MTMR9')
GSE45837_WT_VS_GFI1_KO_PDC_UP	1.8570941728283974e-06	0.01022608906267957	(17776, 13, 130, 4, 'ARPP21;ARNTL;BTBD18;MTMR9')
MEF2_02	4.915261793986871e-06	0.018043926045725803	(17776, 13, 166, 4, 'RBFOX1;ARPP21;ARNTL;CELF4')
UEDA_CENTRAL_CLOCK	1.3008232762742582e-05	0.035814916854021016	(17776, 13, 65, 3, 'SOX7;ARNTL;HSPA5')
KMCATNNWGGA_UNKNOWN	1.845992039041662e-05	0.04065982065193165	(17776, 13, 73, 3, 'STAG1;ARNTL;CELF4')
