index	0	1	2
GSE29164_DAY3_VS_DAY7_CD8_TCELL_TREATED_MELANOMA_UP	2.0282467440129804e-06	0.022337081391814954	(17776, 4, 143, 3, 'BCL11A;WDR11;FGFR2')
