index	0	1	2
SCHRAETS_MLL_TARGETS_DN	2.512796614843759e-06	0.027673429119274316	(17776, 18, 27, 3, 'PITX2;MGLL;THBS2')
