index	0	1	2
chr4q25	1.7479930744356143e-09	1.925064772875942e-05	(17776, 14, 22, 4, 'PITX2;ENPEP;ELOVL6;C4orf32')
