index	0	1	2
DEURIG_T_CELL_PROLYMPHOCYTIC_LEUKEMIA_DN	8.475558295714558e-06	0.046670661755352214	(17776, 4, 230, 3, 'CDC42;SYNE1;ACAT1;ATM;CUL5')
MATZUK_EMBRYONIC_GERM_CELL	5.805040972775132e-06	0.046670661755352214	(17776, 4, 18, 2, 'WT1;WNT4')
