index	0	1	2
GSE13306_TREG_VS_TCONV_LAMINA_PROPRIA_UP	6.548503875528644e-06	0.02403955772706565	(17776, 5, 156, 3, 'FES;ATXN2;PTPN11')
GSE339_CD4POS_VS_CD4CD8DN_DC_UP	4.144827941830289e-06	0.02403955772706565	(17776, 5, 134, 3, 'FAM109A;TRAFD1;FGF5')
GSE40666_WT_VS_STAT4_KO_CD8_TCELL_WITH_IFNA_STIM_90MIN_DN	5.7041184160419155e-06	0.02403955772706565	(17776, 5, 149, 3, 'FGD5;FES;TRAFD1')
