index	0	1	2
REACTOME_METABOLISM_OF_PROTEINS	1.6230662833602261e-06	0.01787482897864617	(17776, 15, 257, 5, 'GFPT2;RPS13;B3GNT2;SEC11C;RPL38')
CAIRO_HEPATOBLASTOMA_CLASSES_DN	7.605857820850576e-06	0.0418816560905137	(17776, 15, 158, 4, 'ZBTB20;ITGA8;WFDC1;PTPRB')
