index	0	1	2
KEGG_AUTOIMMUNE_THYROID_DISEASE	3.6063310532355696e-06	0.03971652388928333	(17776, 3, 20, 2, 'CTLA4;CD28;TSHR')
