index	0	1	2
chr6q26	6.329034230244764e-07	0.004525354951693499	(17776, 5, 5, 2, 'PLG;LPA;LPAL2;SLC22A2;SLC22A3')
ZWANG_TRANSIENTLY_UP_BY_1ST_EGF_PULSE_ONLY	8.218205669106509e-07	0.004525354951693499	(17776, 5, 1080, 5, 'PLG;APOE;CDKN2A;CDKN2B;CELSR2')
HSIAO_LIVER_SPECIFIC_GENES	6.804130600488015e-06	0.024977963434391504	(17776, 5, 158, 3, 'LPA;PLG;APOE')
REACTOME_LIPOPROTEIN_METABOLISM	1.5980041370080846e-05	0.04399704890217509	(17776, 5, 23, 2, 'LPA;APOE')
