index	0	1	2
TTGTTT_FOXO4_01	1.3725288949627521e-07	0.001511566072022479	(17776, 70, 1344, 20, 'GABRA2;ESRRG;PCDH7;KANK1;VPS13B;DNAH12;TFAP2A;GRIK2;PCDH18;GABRG1;LRFN5;TFAP2B;SEPHS1;FIGN;DENND1B;PPARGC1A;CLINT1;TSPAN5;RORA;RPUSD4')
AACTTT_UNKNOWN	1.0143625290358799e-05	0.03723724844090715	(17776, 70, 1317, 17, 'PCDH7;SUPT6H;TFAP2A;PCDH18;GABRG1;DOCK3;HTR2A;SEPHS1;CHST11;PPARGC1A;MN1;CDCA7;EOMES;RORA;STK3;ESRRG;PKHD1')
RTAAACA_FREAC2_01	9.243850335601887e-06	0.03723724844090715	(17776, 70, 660, 12, 'TSPAN5;TLCD1;GRIK2;PCDH18;PPARGC1A;DOCK3;MN1;SLC30A8;DPP10;RORA;STK3;ESRRG')
TAATTA_CHX10_01	1.6158459112318184e-05	0.04448827755099004	(17776, 70, 583, 11, 'ITGA8;FIGN;TFAP2A;PCDH18;SPAG5;LRFN5;DENND1B;DPP10;RORA;STK3;EOMES')
EBAUER_TARGETS_OF_PAX3_FOXO1_FUSION_DN	2.9106873505902788e-05	0.04661484982402486	(17776, 70, 45, 4, 'DZIP3;TFAP2B;SGMS1;ATP6V0A4')
GCAAAAA_MIR129	2.9628979276144016e-05	0.04661484982402486	(17776, 70, 152, 6, 'ESRRG;SP3;PCDH7;FIGN;DOCK3;SGMS1')
GSE18893_CTRL_VS_TNF_TREATED_TCONV_24H_DN	2.4533672016513353e-05	0.04661484982402486	(17776, 70, 147, 6, 'BANK1;SP3;SLC36A4;ABI1;IPMK;TSPAN17')
