index	0	1	2
IRF_Q6	1.78046173128362e-06	0.019608225046626508	(17776, 10, 174, 4, 'CASZ1;LSP1;FGF9;MOV10')
