index	0	1	2
chr5q13	1.7474033381734813e-06	0.019244152963304548	(17776, 2, 24, 2, 'ANKRD31;SV2C;HMGCR;POC5')
