index	0	1	2
GRAESSMANN_APOPTOSIS_BY_DOXORUBICIN_DN	1.155510529877607e-07	0.0005467215955251307	(17776, 29, 1171, 12, 'FTO;RREB1;CDKAL1;UBE2E2;IGF2BP2;IDE;ANKH;IP6K1;HMGA2;KIF11;TCF7L2;EXOC6')
RIZKI_TUMOR_INVASIVENESS_3D_UP	1.489298816467259e-07	0.0005467215955251307	(17776, 29, 153, 6, 'RREB1;CTRB1;HMGA2;NFAT5;PAM;TLE1')
GSE22935_WT_VS_MYD88_KO_MACROPHAGE_48H_MBOVIS_BCG_STIM_UP	1.0390476729983585e-07	0.0005467215955251307	(17776, 29, 144, 6, 'CDKAL1;WFS1;ANKH;EIF2B4;NQO1;ANK1')
GSE46606_IRF4_KO_VS_WT_UNSTIM_BCELL_UP	4.896624949570689e-06	0.013481632642405499	(17776, 29, 156, 5, 'ANKH;IP6K1;HMGA2;KIF11;TLE1')
CAGGTG_E12_Q6	1.480925206561899e-05	0.03261885859973239	(17776, 29, 1528, 11, 'RREB1;ANK1;SPRY2;JAZF1;IGF2BP2;IDE;KCNJ11;KCNQ1;HNF1B;EIF2B4;TLE1;EXOC6')
GRAHAM_CML_QUIESCENT_VS_NORMAL_DIVIDING_UP	2.4681326782888323e-05	0.045302575309991516	(17776, 29, 35, 3, 'NFAT5;TCF7L2;TRA2B')
