index	0	1	2
GSE3982_MAST_CELL_VS_TH2_UP	2.486593718219244e-06	0.02738485661874853	(17776, 4, 153, 3, 'SMYD3;ZMYND8;SST')
