index	0	1	2
AACTTT_UNKNOWN	3.6808851227920245e-07	0.0040537587857308564	(17776, 82, 1317, 21, 'CDH11;EPHB1;HS3ST4;NMT1;MMD;ITGBL1;ARHGEF7;RAPGEF5;ZEB2;PCDH18;NRXN1;NAV3;TRPS1;NRG1;PCDH10;GPC6;TFAP2D;RILPL1;CSMD3;PTPRG;SESN2;ESRRG')
GSE19825_NAIVE_VS_IL2RALOW_DAY3_EFF_CD8_TCELL_UP	4.5395860316494095e-06	0.024997230483277472	(17776, 82, 144, 7, 'ZEB2;MED18;CDH11;GPC5;ADAM28;ITGBL1;FSTL5')
TGCTGAY_UNKNOWN	9.247732183779385e-06	0.03394842484665412	(17776, 82, 378, 10, 'ZEB2;TFAP2D;NRG1;ANGPT1;PCDH18;PTPRG;RHOBTB2;PRKCQ;PCDH10;NRP1')
LE_SKI_TARGETS_UP	3.3215468517844746e-05	0.045901737209808655	(17776, 82, 14, 3, 'CDH11;NRP1;NRG1')
AAAYRNCTG_UNKNOWN	3.4571684958646766e-05	0.045901737209808655	(17776, 82, 270, 8, 'NRG1;PCDH18;NMT1;PRKCQ;DGKB;NAV3;ESRRG;TRPS1')
ZIC3_01	2.1723962586460303e-05	0.045901737209808655	(17776, 82, 183, 7, 'NRG1;GABRG2;EPHB1;NMT1;PCDH10;NRXN1;ESRRG')
ATGTACA_MIR493	2.5702889546809076e-05	0.045901737209808655	(17776, 82, 259, 8, 'CDH11;CHKB;PCDH18;GABRG2;NMT1;ITGB1;TRPS1;ESRRG')
TTGTTT_FOXO4_01	3.273758849261489e-05	0.045901737209808655	(17776, 82, 1344, 18, 'ZEB2;TFAP2D;NRG1;ZC3H7A;CDH11;ANGPT1;PCDH18;SASH1;FBXO32;GABRG2;ADAM28;NOS3;NAV3;NRP1;SESN2;FSTL5;ESRRG;TRPS1')
GSE21678_WT_VS_FOXO1_FOXO3_KO_TREG_UP	3.75116348758992e-05	0.045901737209808655	(17776, 82, 135, 6, 'FBXO32;TXNDC11;MMD;ITGBL1;PSMD12;TRPS1')
