index	0	1	2
DAWSON_METHYLATED_IN_LYMPHOMA_TCL1	3.984969816085827e-06	0.010971618146138304	(17776, 40, 48, 4, 'NRSN1;MACROD2;FIGN;TNS3')
DUTERTRE_ESTRADIOL_RESPONSE_24HR_DN	3.0230246830568367e-06	0.010971618146138304	(17776, 40, 410, 8, 'ARAP2;CLDN1;TFAP2A;TNS3;GRB14;CRISPLD2;BAZ2B;CTGF')
AACTTT_UNKNOWN	3.48991051261797e-06	0.010971618146138304	(17776, 40, 1317, 13, 'ARAP2;TFAP2A;CDH11;RBFOX1;TNFRSF19;ELMO1;RAP2A;NR3C2;NRSN1;SLC10A2;TCF7L2;PARD3;TFDP2')
TGACATY_UNKNOWN	1.0236608094329163e-06	0.010971618146138304	(17776, 40, 486, 9, 'HABP2;ARAP2;RBFOX1;TNFRSF19;ELMO1;LMX1B;PELI2;FSTL5;TFDP2')
HAN_SATB1_TARGETS_UP	2.835604527454228e-05	0.04461216094407631	(17776, 40, 269, 6, 'CDH11;FUT8;NR3C2;PELI2;CTGF;TCF7L2')
TTGTTT_FOXO4_01	2.547469594050259e-05	0.04461216094407631	(17776, 40, 1344, 12, 'HABP2;FIGN;TFAP2A;CDH11;RBFOX1;TNFRSF19;NRSN1;NR3C2;PELI2;TCF7L2;GRIK4;FSTL5;TFDP2')
EGFR_UP.V1_UP	2.1456905814120836e-05	0.04461216094407631	(17776, 40, 151, 5, 'ARAP2;CLDN1;TNS3;CRISPLD2;CTGF')
CDPCR3HD_01	3.6846379940868696e-05	0.04763622411850614	(17776, 40, 169, 5, 'HABP2;RBFOX1;NR3C2;CTGF;TCF7L2;GRIK4')
TAATTA_CHX10_01	3.892908535971627e-05	0.04763622411850614	(17776, 40, 583, 8, 'HABP2;FIGN;TFAP2A;RBFOX1;ELMO1;FUT8;PELI2;TFDP2')
