index	0	1	2
TTGTTT_FOXO4_01	6.258735708400218e-08	0.000689274563566116	(17776, 39, 1344, 15, 'RASGEF1B;KCNN2;GAD2;DLG2;EPM2A;FGF12;SIM1;PRKG2;SORBS1;FBXO32;BARHL2;NFE2L2;CLMP;STX18;PDK4')
TGACATY_UNKNOWN	8.128619022330645e-07	0.004476024064646369	(17776, 39, 486, 9, 'KCNN2;DLG2;ASCC3;FGF12;SORBS1;FBXO32;CRX;PDK4;BARHL2')
