index	0	1	2
TATAAA_TATA_01	1.659069398915712e-07	0.0018271331290258736	(17776, 72, 833, 16, 'SPEM1;NTF3;ARAP2;PTPRD;RGS4;TMTC2;TFAP2B;RNF207;CTNNA2;PLOD2;NHLRC2;RUNX1T1;ZNF827;EFEMP1;SLC26A7;STC1')
GSE22103_UNSTIM_VS_GMCSF_AND_IFNG_STIM_NEUTROPHIL_UP	1.2825513181008181e-06	0.007062368833122155	(17776, 72, 136, 7, 'SH3PXD2B;CTTNBP2NL;SBK1;NEURL1B;DCAF12;SMARCAD1;TNIP2')
GSE5542_UNTREATED_VS_IFNA_TREATED_EPITHELIAL_CELLS_6H_UP	2.6990565964239644e-06	0.009908236765472372	(17776, 72, 152, 7, 'ARAP2;LRIG1;SLC6A15;EPHA4;LYAR;GALM;PKHD1')
TTGTTT_FOXO4_01	1.972019313669399e-05	0.04201761384565334	(17776, 72, 1344, 17, 'RANBP10;SOS1;PTPRD;MARCH1;CTTNBP2NL;TFAP2B;EFEMP1;AQP9;C3orf58;ADAM28;ARID1B;HTR1B;SLC26A7;RUNX1T1;FSTL5;NTF3;STC1')
GATAAGR_GATA_C	2.3087023020937994e-05	0.04201761384565334	(17776, 72, 211, 7, 'AIF1L;SLC26A7;RUNX1T1;STC1;XPO6;NTF3;BTRC')
TGGAAA_NFAT_Q4_01	2.6706918815906058e-05	0.04201761384565334	(17776, 72, 1233, 16, 'SOS1;TRA2A;PTPRO;CTTNBP2NL;TMTC2;TFAP2B;ARID1B;GPR158;PLOD2;SLC26A7;ACO1;RUNX1T1;ZNF827;FSTL5;NTF3;STC1')
GSE29618_PRE_VS_DAY7_FLU_VACCINE_PDC_UP	2.567275166522919e-05	0.04201761384565334	(17776, 72, 144, 6, 'PTPRD;IMPG1;RGS4;WSCD2;CRISPLD2;EFEMP1')
