index	0	1	2
chr4q25	2.2092095424206434e-10	2.4330024690678547e-06	(17776, 9, 22, 4, 'PITX2;ENPEP;ELOVL6;C4orf32')
REACTOME_GABA_A_RECEPTOR_ACTIVATION	8.19012778225227e-06	0.04509893863297212	(17776, 9, 9, 2, 'GABRA2;GABRB2')
TTGTTT_FOXO4_01	1.274193917760912e-05	0.04677565872100308	(17776, 9, 1344, 6, 'GABRA2;TBX3;ELOVL6;PITX2;ARID1B;C4orf32')
