index	0	1	2
chr11q11	1.000870373531831e-06	0.011022585423706056	(17776, 26, 14, 3, 'OR5AS1;OR5D16;OR8I2;OR5F1;OR5D18;OR4C15;OR8H2;OR9G4;OR5T2;OR5M10;OR5M1;OR5J2;OR8H3;OR4C6;OR5D13;OR10AG1;OR5L2;OR4A15;OR5W2;OR5I1')
