index	0	1	2
chr17q21	5.656033392079033e-09	6.228989574696639e-05	(17776, 7, 65, 4, 'WNT3;LOC644172;MAP3K14;MAPT;STH;MGC57346;NSF;ARHGAP27;PLEKHM1')
