index	0	1	2
WNT_SIGNALING	1.6743579098151105e-06	0.01843970366079381	(17776, 6, 79, 3, 'WNT16;CTNNB1;LRP5')
KEGG_WNT_SIGNALING_PATHWAY	7.183160581807007e-06	0.03955407374372029	(17776, 6, 128, 3, 'WNT16;CTNNB1;LRP5')
