index	0	1	2
GRAESSMANN_APOPTOSIS_BY_DOXORUBICIN_DN	2.0181258311959225e-06	0.01300802370241398	(17776, 8, 1171, 6, 'FTO;CDKAL1;IGF2BP2;KIF11;TCF7L2;EXOC6')
FARMER_BREAST_CANCER_APOCRINE_VS_BASAL	2.3623034055051266e-06	0.01300802370241398	(17776, 8, 245, 4, 'KIF11;TCF7L2;IGF2BP2;PAM')
