index	0	1	2
ZIC3_01	4.26324378635729e-06	0.04695110381915283	(17776, 4, 183, 3, 'FES;KCNK3;PRDM8')
