index	0	1	2
GRAHAM_CML_QUIESCENT_VS_NORMAL_DIVIDING_UP	6.9960352482893805e-09	7.263874529492758e-05	(17776, 3, 35, 3, 'APOC1;BCL3;APOE')
ROVERSI_GLIOMA_COPY_NUMBER_UP	1.3191454698070932e-08	7.263874529492758e-05	(17776, 3, 43, 3, 'BCAM;TOMM40;APOE;APOC1;CBLC;BCL3')
chr19q13	8.447020441076357e-07	0.002325675902939348	(17776, 3, 169, 3, 'TOMM40;APOE;APOC1P1;APOC1;CBLC;BCL3')
MCLACHLAN_DENTAL_CARIES_UP	7.715028853936464e-07	0.002325675902939348	(17776, 3, 164, 3, 'APOC1;BCL3;APOE')
APPEL_IMATINIB_RESPONSE	5.237883785080775e-06	0.011536962825018916	(17776, 3, 24, 2, 'APOC1;APOE')
ZHAN_MULTIPLE_MYELOMA_DN	6.660471519879719e-06	0.012225295474739224	(17776, 3, 27, 2, 'APOC1;APOE')
GRAHAM_CML_QUIESCENT_VS_NORMAL_QUIESCENT_UP	2.9190761867838582e-05	0.04018473255631329	(17776, 3, 56, 2, 'APOC1;APOE')
ROSS_AML_OF_FAB_M7_TYPE	2.6122990786002695e-05	0.04018473255631329	(17776, 3, 53, 2, 'APOC1;APOE')
