index	0	1	2
chr3p12	6.3717726145703264e-06	0.035086165902131504	(17776, 9, 8, 2, 'CADM2;GBE1')
LEE_TARGETS_OF_PTCH1_AND_SUFU_DN	4.832257377392376e-06	0.035086165902131504	(17776, 9, 70, 3, 'NCAM1;NTM;SLC4A10')
