index	0	1	2
ROVERSI_GLIOMA_COPY_NUMBER_UP	4.14097323666239e-30	4.56045382553629e-26	(17776, 11, 43, 11, 'BCAM;TOMM40;CLASRP;APOC4;EXOC3L2;APOE;APOC1;ZNF296;CBLC;CLPTM1;CEACAM19;RELB;GEMIN7;BCL3')
chr19q13	4.154525601884925e-23	2.287689522677934e-19	(17776, 11, 169, 11, 'CLASRP;TOMM40;GEMIN7;APOC4;EXOC3L2;APOE;APOC1P1;PVR;APOC1;ZNF296;CBLC;NKPD1;CLPTM1;TRAPPC6A;CEACAM16;CEACAM19;BLOC1S3;PPP1R37;RELB;BCL3')
PIGF_UP.V1_DN	9.70218971534007e-09	3.5616738445013395e-05	(17776, 11, 133, 5, 'BCAM;CLASRP;APOC1;CLPTM1;RELB')
GSE18281_CORTEX_VS_MEDULLA_THYMUS_DN	7.408214683278604e-07	0.0020396667076736817	(17776, 11, 125, 4, 'TRAPPC6A;RELB;PVR;BCL3')
GRAHAM_CML_QUIESCENT_VS_NORMAL_DIVIDING_UP	1.1419341798684665e-06	0.0025152242245782843	(17776, 11, 35, 3, 'APOC1;BCL3;APOE')
GSE339_CD4POS_VS_CD8POS_DC_UP	1.8905638459411849e-06	0.003470129939225045	(17776, 11, 158, 4, 'BIN1;RELB;CLPTM1;BCL3')
GILMORE_CORE_NFKB_PATHWAY	1.2506124324491416e-05	0.019675706740803427	(17776, 11, 9, 2, 'RELB;BCL3')
