index	0	1	2
GRAHAM_CML_QUIESCENT_VS_NORMAL_DIVIDING_UP	1.1419341798684665e-06	0.007619407835689496	(17776, 11, 35, 3, 'APOC1;TCF7L2;APOE')
GRAESSMANN_APOPTOSIS_BY_DOXORUBICIN_DN	1.3837115837082531e-06	0.007619407835689496	(17776, 11, 1171, 7, 'TOMM40;CDKAL1;IGF2BP2;KIF11;TCF7L2;SPPL3;EXOC6')
