index	0	1	2
OCT1_Q6	1.241307228896331e-06	0.006835258255917647	(17776, 3, 192, 3, 'NRXN1;TCF4;SLC39A13')
GSE32164_RESTING_DIFFERENTIATED_VS_CMYC_INHIBITED_MACROPHAGE_UP	6.256090948754084e-07	0.006835258255917647	(17776, 3, 153, 3, 'SPI1;RAPSN;TCF4')
