index	0	1	2
GSE20366_EX_VIVO_VS_DEC205_CONVERSION_NAIVE_CD4_TCELL_DN	5.7041184160419155e-06	0.02093981870528987	(17776, 5, 149, 3, 'PROX2;MFSD2B;PRKCA')
GSE6674_UNSTIM_VS_ANTI_IGM_STIM_BCELL_UP	2.7538740680057844e-06	0.02093981870528987	(17776, 5, 117, 3, 'YLPM1;ARNTL;PRKCA')
GSE22527_ANTI_CD3_INVIVO_VS_UNTREATED_MOUSE_TREG_DN	4.430562040685336e-06	0.02093981870528987	(17776, 5, 137, 3, 'YLPM1;ARNTL;ATAD2B')
chr2p23	1.89443984785959e-05	0.04172693208895533	(17776, 5, 25, 2, 'KLHL29;MFSD2B')
GOBERT_OLIGODENDROCYTE_DIFFERENTIATION_DN	1.6368454681269184e-05	0.04172693208895533	(17776, 5, 764, 4, 'KLHL29;YLPM1;PRKCA;TMPRSS5')
