index	0	1	2
chr17q21	4.6446098553963044e-07	0.00511510883374795	(17776, 5, 65, 3, 'WNT3;LOC644172;MAPT;STH;MGC57346;NSF;ARHGAP27;PLEKHM1')
GSE360_CTRL_VS_B_MALAYI_LOW_DOSE_DC_DN	5.937504355910278e-06	0.03269486773581994	(17776, 5, 151, 3, 'MAPT;CRHR1;TRIM27')
BENPORATH_SUZ12_TARGETS	1.2648170852866543e-05	0.04643143520087308	(17776, 5, 716, 4, 'WNT3;MAPT;CRHR1;LHX8')
