index	0	1	2
CIZ_01	2.4722072084686503e-06	0.027226417986865245	(17776, 11, 169, 4, 'CNTLN;TCF4;SGIP1;BNC2')
