index	0	1	2
chr17q21	2.8692641276304783e-07	0.003159920583759446	(17776, 16, 65, 4, 'WNT3;LOC644172;MAP3K14;MAPT;STH;MGC57346;NSF;ARHGAP27;PLEKHM1')
