index	0	1	2
chr3p21	9.995004846717706e-08	0.001100749883769021	(17776, 4, 53, 3, 'SEMA3F;MON1A;RBM6;RBM5;CAMKV;IP6K2;CDHR4;AMIGO3;MST1R;BSN;IP6K1;DAG1;TRAIP;UBA7')
GSE19888_ADENOSINE_A3R_ACT_VS_A3R_ACT_WITH_A3R_INH_PRETREATMENT_IN_MAST_CELL_DN	1.6298908036915652e-06	0.008974993710527604	(17776, 4, 133, 3, 'BSN;IP6K2;UBA7')
GATA1_04	3.9222691541246894e-06	0.010971009778926111	(17776, 4, 178, 3, 'BSN;RNF123;IP6K2')
CGCTGCT_MIR503	3.984748852783478e-06	0.010971009778926111	(17776, 4, 15, 2, 'BSN;IP6K1')
