index	0	1	2
CGCTGCT_MIR503	6.647730090851025e-07	0.007321145149054234	(17776, 2, 15, 2, 'BSN;IP6K1')
chr3p21	8.724354347832164e-06	0.04804065721633781	(17776, 2, 53, 2, 'SEMA3F;MON1A;RBM6;RBM5;CAMKV;CDHR4;AMIGO3;MST1R;BSN;IP6K1;TRAIP;UBA7')
