index	0	1	2
SRY_01	3.0091016296875375e-06	0.011046412082582951	(17776, 4, 163, 3, 'ASCL2;MAGI3;TCF7L2')
GSE5542_UNTREATED_VS_IFNA_AND_IFNG_TREATED_EPITHELIAL_CELLS_6H_DN	2.43794052540485e-06	0.011046412082582951	(17776, 4, 152, 3, 'ASCL2;PTPN22;TCF7L2')
GSE20198_IL12_IL18_VS_IFNA_TREATED_ACT_CD4_TCELL_DN	1.985780419459769e-06	0.011046412082582951	(17776, 4, 142, 3, 'PTPN22;TCF7L2;TRIM27')
KIM_WT1_TARGETS_DN	2.0353294089076384e-05	0.04631512858801278	(17776, 4, 308, 3, 'TRIM27;TCF7L2;RSBN1')
CHEN_NEUROBLASTOMA_COPY_NUMBER_GAINS	2.5232976621091135e-05	0.04631512858801278	(17776, 4, 37, 2, 'IGF2;TH;INS')
BRIDEAU_IMPRINTED_GENES	2.5232976621091135e-05	0.04631512858801278	(17776, 4, 37, 2, 'ASCL2;TH;IGF2;INS')
