index	0	1	2
BRUINS_UVC_RESPONSE_LATE	8.425088919772868e-08	0.0009278550427345859	(17776, 16, 741, 8, 'NEIL1;SCAMP5;GIPC2;TCF4;AHR;GATM;MLLT10;PPCDC;POR')
CHEMNITZ_RESPONSE_TO_PROSTAGLANDIN_E2_DN	4.005538554094761e-06	0.01868144952267024	(17776, 16, 287, 5, 'GIPC2;AHR;GATM;DNAJC1;SCMH1')
GSE27786_LSK_VS_NEUTROPHIL_DN	6.063015713164085e-06	0.01868144952267024	(17776, 16, 139, 4, 'TMEM120A;RPP25;CYP2A6;AK5')
GSE7831_CPG_VS_INFLUENZA_STIM_PDC_1H_DN	6.785235457248793e-06	0.01868144952267024	(17776, 16, 143, 4, 'PRKD1;COX5A;ERBB4;AHR')
REACTOME_XENOBIOTICS	1.1372188812861968e-05	0.02087365256600814	(17776, 16, 6, 2, 'CYP1A1;CYP1A2;CYP2A6')
HSIAO_LIVER_SPECIFIC_GENES	1.0071017711958047e-05	0.02087365256600814	(17776, 16, 158, 4, 'CYP2A6;GATM;CYP2A7;POR;CPS1')
HUTTMANN_B_CLL_POOR_SURVIVAL_UP	2.4011931992870257e-05	0.03165024952532836	(17776, 16, 197, 4, 'COMMD4;ERBB4;CYP2A6;GATM')
MARSON_BOUND_BY_FOXP3_UNSTIMULATED	2.586509086787935e-05	0.03165024952532836	(17776, 16, 727, 6, 'SPATA5L1;CYP1A1;TCF4;DNAJC1;SCMH1;CSK;DNAJB4')
CAGGTG_E12_Q6	2.0149660956472662e-05	0.03165024952532836	(17776, 16, 1528, 8, 'PRKD1;SCAMP5;CYP1A1;AHR;STYXL1;AK5;GATM;AGR3;ERBB4;CYP2A7')
