index	0	1	2
CAGGTG_E12_Q6	3.1921418007507655e-09	3.515505765166818e-05	(17776, 22, 1528, 13, 'PRKD1;DCDC5;CYP1A1;AHR;EIF2B4;SYT1;MAMSTR;AGR3;MPPED2;NEGR1;CYP2A7;ARPP21;TMEM161B;POU3F2')
BENPORATH_ES_WITH_H3K27ME3	2.834273084455471e-06	0.014729449771297731	(17776, 22, 795, 8, 'PRKD1;CYP2A6;MLXIPL;LHX3;TFAP2B;NEGR1;CYP2A7;POU3F2')
TATAAA_TATA_01	4.012380760364405e-06	0.014729449771297731	(17776, 22, 833, 8, 'FGF21;CYP2A6;DCDC5;CYP1A1;TFAP2B;AGR3;MPPED2;DNAJC1;CYP2A7;CYP1A2;POU3F2')
