index	0	1	2
REACTOME_HORMONE_LIGAND_BINDING_RECEPTORS	1.3668149498872171e-06	0.007526366521553961	(17776, 4, 9, 2, 'GNRH1;FSHB')
BYSTRYKH_HEMATOPOIESIS_STEM_CELL_QTL_TRANS	1.3301711678639384e-06	0.007526366521553961	(17776, 4, 605, 4, 'NR5A2;KCNA4;COL4A4;KCTD9')
chr11p13	5.805040972775132e-06	0.013229902550791513	(17776, 4, 18, 2, 'MPPED2;FSHB')
MATZUK_CENTRAL_FOR_FEMALE_FERTILITY	7.207792182397992e-06	0.013229902550791513	(17776, 4, 20, 2, 'GNRH1;FSHB')
YOSHIMURA_MAPK8_TARGETS_UP	6.249276875414829e-06	0.013229902550791513	(17776, 4, 890, 4, 'NR5A2;KCNA4;GNRH1;FSHB')
TATAAA_TATA_01	4.79345723591895e-06	0.013229902550791513	(17776, 4, 833, 4, 'NR5A2;IRS1;MPPED2;FSHB')
MIKKELSEN_MCV6_ICP_WITH_H3K4ME3_AND_H3K27ME3	1.4331102429577633e-05	0.022546918722419783	(17776, 4, 28, 2, 'COL4A4;KCNA4')
