index	0	1	2
AAANWWTGC_UNKNOWN	2.176780486576047e-05	0.04794576699732401	(17776, 7, 154, 3, 'BCL11A;CDK2AP1;MEF2C')
GSE22886_TCELL_VS_BCELL_NAIVE_DN	1.6713935537297778e-05	0.04794576699732401	(17776, 7, 141, 3, 'BCL11A;SBNO1;MEF2C')
GSE22886_CD8_TCELL_VS_BCELL_NAIVE_DN	1.74346378315437e-05	0.04794576699732401	(17776, 7, 143, 3, 'BCL11A;SBNO1;MEF2C')
GSE22886_CD4_TCELL_VS_BCELL_NAIVE_DN	1.533220669497382e-05	0.04794576699732401	(17776, 7, 137, 3, 'BCL11A;SBNO1;MEF2C')
GSE22886_NAIVE_BCELL_VS_DC_UP	1.1926794573491208e-05	0.04794576699732401	(17776, 7, 126, 3, 'BCL11A;SBNO1;MEF2C')
