index	0	1	2
RORA1_01	7.683126216410605e-06	0.04230713451066499	(17776, 14, 171, 4, 'NOG;RBFOX1;ZMAT4;SARNP')
CEBP_C	5.0730514767451395e-06	0.04230713451066499	(17776, 14, 154, 4, 'RBFOX1;KCNMA1;ZMAT4;SARNP')
