index	0	1	2
ONO_FOXP3_TARGETS_UP	8.595867083997448e-06	0.04733314209803195	(17776, 5, 17, 2, 'IL10;CCR2')
KUROZUMI_RESPONSE_TO_ONCOCYTIC_VIRUS_AND_CYCLIC_RGD	4.932203211037462e-06	0.04733314209803195	(17776, 5, 13, 2, 'IL10;CCR2')
