index	0	1	2
chr6q26	1.3287980316546398e-06	0.014634052722612548	(17776, 7, 5, 2, 'PLG;LPA;LPAL2;SLC22A2;SLC22A3')
