index	0	1	2
STARK_BRAIN_22Q11_DELETION	2.6566988331174418e-06	0.029258224249122385	(17776, 6, 8, 2, 'LINC00461;BSN')
GSE27786_BCELL_VS_CD4_TCELL_UP	9.203181432699417e-06	0.04332105700763625	(17776, 6, 139, 3, 'TET2;RHOA;GPX1')
GSE29618_LAIV_VS_TIV_FLU_VACCINE_DAY7_MDC_DN	1.180088722626975e-05	0.04332105700763625	(17776, 6, 151, 3, 'POU3F2;USP4;AMT')
MYCMAX_01	1.7742464907706015e-05	0.04804253926390892	(17776, 6, 173, 3, 'CAMKV;TET2;MON1A;POU3F2')
PAX2_02	2.617408840311028e-05	0.04804253926390892	(17776, 6, 197, 3, 'RHOA;POU3F2;GPX1;TCTA')
CACGTG_MYC_Q2	2.2869508870285493e-05	0.04804253926390892	(17776, 6, 635, 4, 'GPX1;CAMKV;TET2;MON1A;POU3F2')
