index	0	1	2
chr6p25	1.6461259407444986e-09	1.8128784985419162e-05	(17776, 3, 22, 3, 'EXOC2;DUSP22;IRF4')
