index	0	1	2
SMID_BREAST_CANCER_BASAL_DN	3.742136483042116e-07	0.004121214908774282	(17776, 46, 488, 10, 'PTPRT;CLCA2;EPHA3;SNED1;PBLD;PTHLH;IGF1;SORL1;MEOX2;TSPAN8')
BENPORATH_EED_TARGETS	1.8970085466683288e-06	0.006963918374819435	(17776, 46, 731, 11, 'AUTS2;PTPRT;SORCS3;MEOX2;PTHLH;LOC153684;INTU;SLIT2;MAFB;RSPO3;C4orf22')
RIGGI_EWING_SARCOMA_PROGENITOR_UP	1.493269637944304e-06	0.006963918374819435	(17776, 46, 321, 8, 'ODF2L;CLCA2;EPHA3;CLCA1;UGT3A1;SLIT2;MAFB;IGF1')
