index	0	1	2
AAAGGGA_MIR204_MIR211	4.198101608588602e-06	0.046233693015386275	(17776, 120, 183, 9, 'FARP1;ELF2;MED13L;GLIS3;METAP1;PID1;CHN2;TNRC6B;CDH2')
RODRIGUES_THYROID_CARCINOMA_ANAPLASTIC_DN	8.69618208609646e-06	0.04788552665709016	(17776, 120, 374, 12, 'CLDN11;TBX3;FARP1;WDR72;ELF2;AGPAT3;MED13L;FRMD4B;GLIS3;CLDN23;SMARCA2;SGK223;GLCCI1')
