index	0	1	2
chr6q26	1.8991377079453284e-07	0.0020915203577601903	(17776, 3, 5, 2, 'LPAL2;PLG;LPA;SLC22A3')
PID_AMB2_NEUTROPHILS_PATHWAY	7.70355660776531e-06	0.03238694360961252	(17776, 3, 29, 2, 'PLG;LPA')
LEE_LIVER_CANCER	8.822376357835064e-06	0.03238694360961252	(17776, 3, 31, 2, 'PLG;LPA;SLC22A3')
