index	0	1	2
chr6q26	3.7978479589517794e-07	0.004182569957193595	(17776, 4, 5, 2, 'PLG;LPA;LPAL2;SLC22A2;SLC22A3')
