index	0	1	2
chr4q25	2.6987324822617574e-07	0.0029721140827148732	(17776, 11, 22, 3, 'PITX2;ENPEP;C4orf32')
