index	0	1	2
SHARMA_PILOCYTIC_ASTROCYTOMA_LOCATION_UP	2.3462667502181035e-06	0.025839435720151974	(17776, 28, 17, 3, 'SLC38A6;GPC6;SIX6;C14orf39')
