index	0	1	2
WONG_ENDMETRIUM_CANCER_DN	1.5427443253625106e-06	0.01699024325521733	(17776, 7, 64, 3, 'WT1;EFEMP1;CRISPLD2')
