index	0	1	2
KRAS.LUNG.BREAST_UP.V1_UP	1.0717614492384329e-06	0.011803308840462861	(17776, 34, 97, 5, 'PTPRR;CEACAM3;CLSTN2;IGFBP3;BMP6')
