index	0	1	2
chr2p21	6.980594723022231e-12	7.687728968464384e-08	(17776, 13, 27, 5, 'CAMKMT;ABCG5;ABCG8;LRPPRC;THADA')
chr2p22	3.460159158281306e-07	0.001905336640507601	(17776, 13, 20, 3, 'PLEKHH2;PPM1B;PREPL')
HNF1_01	6.060283642980308e-06	0.022247301253380706	(17776, 13, 175, 4, 'SLC3A1;HNF1A;TM4SF4;SLC26A3')
YAMASHITA_LIVER_CANCER_STEM_CELL_DN	9.70600203717439e-06	0.02672305010885039	(17776, 13, 59, 3, 'ABCG5;CYP7A1;SULT2A1')
GUO_TARGETS_OF_IRS1_AND_IRS2	2.083876758738719e-05	0.03824955790664918	(17776, 13, 76, 3, 'ABCG5;ABCG8;TM4SF4')
GTCNYYATGR_UNKNOWN	1.92317871398439e-05	0.03824955790664918	(17776, 13, 74, 3, 'THADA;TM4SF4;SULT2A1')
