index	0	1	2
BURTON_ADIPOGENESIS_11	6.267859799926632e-06	0.029824950833531868	(17776, 2, 45, 2, 'RBMS1;SLC12A2')
SWEET_KRAS_ONCOGENIC_SIGNATURE	1.0832634462374237e-05	0.029824950833531868	(17776, 2, 59, 2, 'TANK;SLC12A2')
JOHNSTONE_PARVB_TARGETS_1_DN	8.724354347832164e-06	0.029824950833531868	(17776, 2, 53, 2, 'RBMS1;SLC12A2')
RGTTAMWNATT_HNF1_01	8.072243681724816e-06	0.029824950833531868	(17776, 2, 51, 2, 'RBMS1;SLC12A2')
NGUYEN_NOTCH1_TARGETS_DN	1.4852928374499934e-05	0.032715060037673556	(17776, 2, 69, 2, 'RBMS1;SLC12A2')
