index	0	1	2
AR_Q6	2.4235039971402654e-06	0.026690049520505743	(17776, 10, 188, 4, 'TLK1;LDB2;PPARGC1A;EPHA7')
