index	0	1	2
chr7p14	2.6496311729595935e-06	0.029180388107804003	(17776, 16, 31, 3, 'STARD3NL;EPDR1;SFRP4')
