index	0	1	2
OCT1_04	1.6154740826380858e-07	0.0017791216072093239	(17776, 142, 175, 11, 'C21orf62;LECT1;PTPRD;GABRG1;CNTN6;BCL11B;BCL2L1;PITX2;PRDM2;KCNS3;PTEN')
OCT1_05	2.885524121475759e-06	0.015889138574906266	(17776, 142, 189, 10, 'PRRX1;FGFR2;LECT1;KCNT2;POU2F3;PDE4D;SEMA7A;PTEN;FSTL5;UBE3A')
ACEVEDO_METHYLATED_IN_LIVER_CANCER_DN	1.115435710147698e-05	0.029933706901987666	(17776, 142, 562, 16, 'CD1D;LINGO2;DPP6;RAPGEF2;NCK2;SDK1;NPY2R;CTBP2;NHLRC3;LPCAT2;KAZN;AJAP1;TSPAN5;PKIA;ADCYAP1R1;ADAMTS13')
CAGGTG_E12_Q6	9.428705376944482e-06	0.029933706901987666	(17776, 142, 1528, 29, 'TFAP2A;HMGCS1;ANGPT1;NCOA6;SNX16;DTNB;SEC31B;BCL2L1;MMP11;KAZN;NEGR1;XYLT1;SAMD12;ZNF521;SIN3A;BCL11B;DIS3L2;POU2F3;CBFA2T3;PKIA;NRCAM;SEPP1;TRAK1;CCKAR;CNTN4;NCK2;SDK1;FNDC3A;PCM1')
GSE45365_NK_CELL_VS_CD8A_DC_DN	1.3590169300820698e-05	0.029933706901987666	(17776, 142, 136, 8, 'DTL;SEMA5B;RPH3AL;RNF157;KCNAB1;CCL28;CBFA2T3;FSTL5')
OCT_C	1.7252218857554116e-05	0.030803746719516422	(17776, 142, 184, 9, 'PRRX1;FGFR2;KCNT2;POU2F3;PDE4D;CBFA2T3;SEMA7A;PTEN;FSTL5')
GSE20715_0H_VS_48H_OZONE_LUNG_UP	1.9579245168129935e-05	0.030803746719516422	(17776, 142, 143, 8, 'FBXO8;RPS6KA2;ZNF521;MMP11;TBC1D19;TCF3;GNPDA2;HACL1')
