index	0	1	2
GRAHAM_CML_QUIESCENT_VS_NORMAL_DIVIDING_UP	6.9548637533666066e-09	7.221126807004681e-05	(17811, 3, 35, 3, 'APOC1;BCL3;APOE')
ROVERSI_GLIOMA_COPY_NUMBER_UP	1.3113823312457425e-08	7.221126807004681e-05	(17811, 3, 43, 3, 'BCAM;CBLC;BCL3;TOMM40;APOC1;APOE')
chr19q13	8.397309934073497e-07	0.0023119893575987856	(17811, 3, 169, 3, 'CBLC;BCL3;APOC1P1;TOMM40;APOC1;APOE')
MCLACHLAN_DENTAL_CARIES_UP	7.669626099373933e-07	0.0023119893575987856	(17811, 3, 164, 3, 'APOC1;BCL3;APOE')
APPEL_IMATINIB_RESPONSE	5.217323899194341e-06	0.011491677620365456	(17811, 3, 24, 2, 'APOC1;APOE')
ZHAN_MULTIPLE_MYELOMA_DN	6.634329123559269e-06	0.012177311106293038	(17811, 3, 27, 2, 'APOC1;APOE')
GRAHAM_CML_QUIESCENT_VS_NORMAL_QUIESCENT_UP	2.907625028117492e-05	0.04002709304332242	(17811, 3, 56, 2, 'APOC1;APOE')
ROSS_AML_OF_FAB_M7_TYPE	2.6020507891187486e-05	0.04002709304332242	(17811, 3, 53, 2, 'APOC1;APOE')
