index	0	1	2
FARMER_BREAST_CANCER_APOCRINE_VS_BASAL	6.880754283703909e-06	0.037888873463215574	(17811, 10, 245, 4, 'TCF7L2;PAM;IGF2BP2;KIF11')
MARTINEZ_RESPONSE_TO_TRABECTEDIN_DN	4.573067505439169e-06	0.037888873463215574	(17811, 10, 221, 4, 'IGF2BP2;SPRY2;KIF11;C5orf30')
GRAESSMANN_APOPTOSIS_BY_DOXORUBICIN_DN	1.3334831825319239e-05	0.048952167630746925	(17811, 10, 1171, 6, 'TCF7L2;KIF11;EXOC6;FTO;IGF2BP2;CDKAL1')
