index	0	1	2
chr8p23	2.0312981684182928e-11	2.2370686728790658e-07	(17811, 22, 19, 5, 'MSRA;FAM167A;XKR6;PINX1;PPP1R3B;CLDN23;ERI1;SGK223')
