index	0	1	2
chr4q25	6.098494612349981e-11	6.716272116581035e-07	(17811, 7, 22, 4, 'PITX2;ENPEP;ELOVL6;C4orf32')
