index	0	1	2
RIZKI_TUMOR_INVASIVENESS_3D_UP	1.1895868144716614e-07	0.0006550459793888204	(17776, 28, 153, 6, 'NFAT5;TLE1;RREB1;HMGA2;PAM;CTRB1')
GSE22935_WT_VS_MYD88_KO_MACROPHAGE_48H_MBOVIS_BCG_STIM_UP	8.295850204209705e-08	0.0006550459793888204	(17776, 28, 144, 6, 'EIF2B4;ANK1;CDKAL1;WFS1;ANKH;NQO1')
GRAESSMANN_APOPTOSIS_BY_DOXORUBICIN_DN	7.366871771427359e-07	0.0027043786272909834	(17776, 28, 1171, 11, 'IGF2BP2;IDE;RREB1;HMGA2;KIF11;UBE2E2;CDKAL1;EXOC6;TCF7L2;FTO;ANKH')
CAGGTG_E12_Q6	9.964457695073898e-06	0.02743464314896221	(17776, 28, 1528, 11, 'EIF2B4;IGF2BP2;KCNQ1;TLE1;RREB1;IDE;HNF1B;ANK1;EXOC6;KCNJ11;JAZF1;SPRY2')
GRAHAM_CML_QUIESCENT_VS_NORMAL_DIVIDING_UP	2.2157978270494856e-05	0.04880516293859197	(17776, 28, 35, 3, 'TCF7L2;TRA2B;NFAT5')
