index	0	1	2
GSE1740_MCSF_VS_MCSF_AND_IFNG_DAY2_DERIVED_MACROPHAGE_UP	3.1242421344919396e-06	0.03440727862715973	(17776, 5, 122, 3, 'TOX3;ZNF276;FGFR2')
