index	0	1	2
REACTOME_XENOBIOTICS	1.9928231805560674e-06	0.021946961687463972	(17776, 7, 6, 2, 'CYP1A2;CYP1A1;CYP2A6')
TATAAA_TATA_01	4.340289875393728e-06	0.02389980619885556	(17776, 7, 833, 5, 'CYP2A7;DNAJC1;CYP1A1;TCF4;CYP2A6;CYP1A2;AGR3')
