index	0	1	2
HLA_locus	3.235605419708411e-66	6.471210839416822e-66	(10881881, 114, 20, 14)
HIST1_complex	0.00014665593800782502	0.00014665593800782502	(10881881, 114, 14, 1)
