index	0	1	2
HIST1_complex	6.046583400154446e-05	0.00012093166800308892	(10881881, 47, 14, 1)
