index	0	1	2
HLA_locus	1.4223117269974344e-51	2.844623453994869e-51	(10881881, 92, 20, 11)
HIST1_complex	2.1282977379004318e-13	2.1282977379004318e-13	(10881881, 92, 14, 3)
