index	0	1	2
HLA_locus	5.513743492732666e-06	1.1027486985465332e-05	(10881881, 3, 20, 1)
