index	0	1	2
HLA_locus	1.1027458436439199e-05	2.2054916872878397e-05	(10881881, 6, 20, 1)
