index	0	1	2
HLA_locus	3.8815649530567617e-44	7.763129906113523e-44	(10881881, 47, 20, 9)
