index	0	1	2
HIST1_complex	1.1578825933278777e-05	2.3157651866557554e-05	(10881881, 9, 14, 1)
