index	0	1	2
HLA_locus	5.731878327551625e-68	1.146375665510325e-67	(10881881, 37, 20, 13)
