index	0	1	2
HLA_locus	5.308167972587787e-18	1.0616335945175574e-17	(10881881, 3, 20, 3)
