index	0	1	2
HIST1_complex	0.0002083998262413451	0.0002977008199724172	(10881881, 162, 14, 1)
HLA_locus	0.0002977008199724172	0.0002977008199724172	(10881881, 162, 20, 1)
