index	0	1	2
HLA_locus	2.5966041166214082e-48	5.1932082332428163e-48	(10881881, 61, 20, 10)
HIST1_complex	8.940502807285215e-19	8.940502807285215e-19	(10881881, 61, 14, 4)
