index	0	1	2
HIST1_complex	6.155141423623852e-09	1.2310282847247704e-08	(10881881, 90, 14, 2)
HLA_locus	1.2850978958966771e-08	1.2850978958966771e-08	(10881881, 90, 20, 2)
