index	0	1	2
HLA_locus	7.948538681979178e-120	1.5897077363958355e-119	(10881881, 23, 20, 20)
