index	0	1	2
HLA_locus	4.613463827289487e-77	9.226927654578974e-77	(10881881, 25, 20, 14)
