index	0	1	2
HLA_locus	1.6838855688169464e-32	3.367771137633893e-32	(10881881, 66, 20, 7)
