index	0	1	2
HLA_locus	7.810527169546088e-40	1.5621054339092176e-39	(10881881, 402, 20, 10)
HIST1_complex	7.350249201395355e-24	7.350249201395355e-24	(10881881, 402, 14, 6)
