index	0	1	2
HLA_locus	2.1232647963876553e-17	4.2465295927753105e-17	(10881881, 4, 20, 3)
