index	0	1	2
HIST1_complex	4.1168594376054224e-05	8.233718875210845e-05	(10881881, 32, 14, 1)
