index	0	1	2
HLA_locus	8.292586447309549e-24	1.6585172894619098e-23	(10881881, 4, 20, 4)
