index	0	1	2
HLA_locus	2.9406298850178358e-05	5.8812597700356716e-05	(10881881, 16, 20, 1)
