index	0	1	2
HLA_locus	7.681248352306651e-103	1.5362496704613303e-102	(10881881, 95, 20, 20)
