index	0	1	2
HLA_locus	1.278683427308336e-44	2.557366854616672e-44	(10881881, 12, 20, 8)
HIST1_complex	3.728729886031396e-16	3.728729886031396e-16	(10881881, 12, 14, 3)
