index	0	1	2
HLA_locus	8.098250682637978e-66	1.6196501365275957e-65	(10881881, 1976, 20, 18)
HIST1_complex	3.927270177996436e-16	3.927270177996436e-16	(10881881, 1976, 14, 5)
