index	0	1	2
HIST1_complex	1.2865355295043145e-05	2.573071059008629e-05	(10881881, 10, 14, 1)
