index	0	1	2
HIST1_complex	3.988210061144734e-05	7.976420122289467e-05	(10881881, 31, 14, 1)
