index	0	1	2
HLA_locus	8.190975469798641e-12	1.6381950939597282e-11	(10881881, 211, 20, 3)
HIST1_complex	0.00027142639998820305	0.00027142639998820305	(10881881, 211, 14, 1)
