index	0	1	2
HLA_locus	1.3472633468470493e-95	2.6945266936940986e-95	(10881881, 206, 20, 20)
HIST1_complex	4.634299418089439e-21	4.634299418089439e-21	(10881881, 206, 14, 5)
