index	0	1	2
HLA_locus	1.8379177975078152e-06	3.6758355950156304e-06	(10881881, 1, 20, 1)
