index	0	1	2
HLA_locus	4.7784815195748336e-05	9.556963039149667e-05	(10881881, 26, 20, 1)
