index	0	1	2
HLA_locus	2.137141684680571e-09	4.274283369361142e-09	(10881881, 37, 20, 2)
